tweet_id,content,sentimento_geral,sarcasmo,sentimento_palavra,comentario,dificuldade,avaliador,dia_hora,certeza,emocao
A58,- Aumenta impostos nos livros.\n- Zera os impostos nas armas.\n- N√£o investe em um plano nacional de vacina√ß√£o.\n- Faz piada homof√≥bica sobre a pandemia que j√° matou mais de 170 mil brasileiros.\n\nEsse √© Bolsonaro e seu governo de morte. #ForaBolsonaro,Negativo,Sem sarcasmo/Ironia,"Faz coment√°rios de cr√≠tica, usa express√µes de impacto (""governo de morte"")",,2 - F√°cil,luizh.batista@usp.br,2023-11-02 23:57,4,irrita√ß√£o
A1536,Em defesa da vacina e da vacina√ß√£o obrigat√≥ria contra a COVID-19 https://t.co/qOhkXrYM9a via @PSTU,Neutro,Sem sarcasmo/Ironia,Posi√ß√£o incisiva,"Tive a impress√£o de que o sentimento √© negativo, mas n√£o sei ao certo. Tive essa impress√£o porque o ]texto adota uma posi√ß√£o incisiva",3 - Dif√≠cil,luizh.batista@usp.br,2023-11-03 00:21,,
A6053,"Mais uma a√ß√£o importante do nosso mandato. Conseguimos aprovar requerimento para que o ministro Wagner Ros√°rio, da Controladoria Geral da Uni√£o d√™ explica√ß√µes √† C√¢mara sobre investiga√ß√µes do contrato com a Covaxin. Por que fizemos esse pedido? Segue a linha.",Positivo,Sem sarcasmo/Ironia,Estado impl√≠cito de alegria/felicidade,Demonstra felicidade com a conquista,2 - F√°cil,luizh.batista@usp.br,2023-11-03 00:24,3,satisfa√ß√£o
A557,"A C√¢mara dos Deputados aprova agora MP que libera quase 2 bilh√µes de reais para viabilizar a produ√ß√£o de vacinas contra COVID-19. Ao contr√°rio do que quer Bolsonaro,a prioridade do Brasil tem que ser salvar vidas! Seguiremos na batalha tbm pela prorroga√ß√£o do aux√≠lio emergencial.",Positivo,Sem sarcasmo/Ironia,Excita√ß√£o,Sentimento de excita√ß√£o com as medidas tomadas pelo speaker,3 - Dif√≠cil,luizh.batista@usp.br,2023-11-03 00:44,,
A3829,"Pessoal, foram disponibilizadas no site da @prefeiturapmf novas listas de agendamento para a vacina√ß√£o contra a Covid-19. Elas se referem aos dias 22, 23 e 24 de junho. Confiram:\n\nhttps://t.co/Y9gfG2t5Qi",Neutro,Sem sarcasmo/Ironia,neutralidade,,2 - F√°cil,luizh.batista@usp.br,2023-11-03 00:45,,
A5552,"Recife completa, nesta segunda-feira, 6 meses do in√≠cio da vacina√ß√£o contra a covid-19. S√£o 181 dias sem parar de imunizar um √∫nico dia. E a gente vai pra frente. Ainda hoje, tem novidade a caminho.",Positivo,Sem sarcasmo/Ironia,"Excita√ß√£o, entusiasmo",,2 - F√°cil,luizh.batista@usp.br,2023-11-03 01:26,5,"excita√ß√£o, entusiasmo"
A729,"Agora est√° em Bras√≠lia, para conversar com o secret√°rio nacional de Vigil√¢ncia em Sa√∫de, Arnaldo Medeiros sobre uma campanha nacional de vacina√ß√£o. Acreditamos que essa ser√° a estrat√©gia adotada, pois √© a mais correta.",Positivo,Sem sarcasmo/Ironia,Esperan√ßa,Esperan√ßa de que uma medida proposta tem chances de ser implementada/aprovada,2 - F√°cil,luizh.batista@usp.br,2023-11-03 01:28,4,expectativa
A5926,"Finalmente, depois de tanto tempo de espera, vacinado.\nGl√≥ria a Deus por ter aben√ßoado a mente de tantos cientistas p/ conseguirem nos proporcionar esse momento de esperan√ßa.\nObg @helderbarbalho e @EdmilsonPSOL por apoiarem e incentivarem a vacina√ß√£o.\nTOMEM A VACINA.\n#VivaOSuS https://t.co/ROPaXsU6tS",Positivo,Sem sarcasmo/Ironia,"Alegria, felicidade, esperan√ßa",,2 - F√°cil,luizh.batista@usp.br,2023-11-03 01:43,4,felicidade
A3792,"Achar que o retorno presencial √© somente quest√£o de vacina√ß√£o √© reducionismo. Temos de verificar as condi√ß√µes sanit√°rias das escolas, do deslocamento dos alunos. Seria razo√°vel voltar a atividades presenciais num pr√©dio sem √°gua s√≥ porque os docentes est√£o vacinados? [+]",Negativo,Sem sarcasmo/Ironia,"Preocupa√ß√£o, receio",,2 - F√°cil,luizh.batista@usp.br,2023-11-03 01:50,2,preocupa√ß√£o
A2831,Assessor de Pazuello na Sa√∫de diz que v√≠rus no computador atrapalhou an√°lise de proposta da Pfizer. O v√≠rus: https://t.co/CzBxNPzCRL,Negativo,Sarc√°stico/Ir√¥nico,"Humor, cr√≠tica, questionamento","Muito dif√≠cil classificar o sentimento. O texto parece usar algum tipo de humor para fazer uma cr√≠tica. Questiona a explica√ß√£o do assessor, o que demonstra um tom de cr√≠tica, mas tamb√©m usa o humor aparentemente ",4 - Muito Dif√≠cil,luizh.batista@usp.br,2023-11-03 02:03,,
A3399,"√â o Paran√° saindo na frente, com uma legisla√ß√£o pr√≥pria, com mais prote√ß√£o nas novas campanha de vacina√ß√£o que devemos ter nos pr√≥ximos anos.\nLeia mais: https://t.co/brwn4uxXhV",Positivo,Sem sarcasmo/Ironia,"Entusiasmo, alegria, otimismo",,2 - F√°cil,luizh.batista@usp.br,2023-11-03 02:04,4,otimismo
A1249,"Israel üáÆüá±üëèüèª\n-usa aplicativos no combate ao Covid19 \n-disponibilizou, gratuitamente p/ o mundo, projeto de respirador low cost.\n- desenvolveu 2 potenciais vacinas q come√ßar√£o ser testadas em junho.\nIsrael,\n- mant√©m a QUARENTENA p/evitar o colapso do sistema de sa√∫de https://t.co/aHJzRZOCdK",Positivo,Sem sarcasmo/Ironia,"Otimismo, alegria, excita√ß√£o",,3 - Dif√≠cil,luizh.batista@usp.br,2023-11-05 15:49,,
A3989,"Perd√£o pela dose de sinceridade, mas est√° insuport√°vel a quantidade de pessoas que chegam aos postos de vacina√ß√£o e dizem: ‚Äú- S√≥ tem Astrazeneca ? S√≥ tem Pfizer?‚Äù Por favor ‚Ä¶ n√£o se trata de drivethru c/ direito a menu degusta√ß√£o. Vacina boa √© a que estiver dispon√≠vel e pronto !",Negativo,Sem sarcasmo/Ironia,"Cr√≠tica, indigna√ß√£o",,3 - Dif√≠cil,luizh.batista@usp.br,2023-11-05 15:50,,
A3374,"√â de extrema import√¢ncia o depoimento do diretor da Pfizer. Ele est√° provando a neglig√™ncia, incompet√™ncia e descaso do governo Bolsonaro com a pandemia ao ignorar in√∫meras ofertas de vacina. Al√©m de escancarar as mentiras e a desorganiza√ß√£o do desgoverno genocida. #ImpeachmentJ√°",Negativo,Sem sarcasmo/Ironia,Cr√≠tica,,3 - Dif√≠cil,luizh.batista@usp.br,2023-11-05 15:52,,
A4038,√â assustador o que est√° acontecendo no Brasil e o caos segue se alastrando sem solu√ß√£o. BH atingiu hoje a maior taxa de transmiss√£o do coronav√≠rus dos √∫ltimos 9 meses. Minha luta na C√¢mara √© por vacina e aux√≠lio emergencial. √â URGENTE! https://t.co/7VxLP5iRBV,Negativo,Sem sarcasmo/Ironia,"Cr√≠tica, temor",,3 - Dif√≠cil,luizh.batista@usp.br,2023-11-05 15:52,,
A4113,"Especialistas alertam que o CE pode iniciar a terceira onda de Covid antes mesmo de terminar a segunda. Ou seja, pode come√ßar ainda em um patamar muito alto de casos. A pandemia continua forte. Temos de continuar nos cuidando e pressionando por vacina no bra√ßo e comida na mesa",Negativo,Sem sarcasmo/Ironia,"Temor, preocupa√ß√£o",,3 - Dif√≠cil,luizh.batista@usp.br,2023-11-05 15:53,,
A1411,"Como n√£o se pode confiar no governo do Genocida, temos que manter a vigil√¢ncia e a press√£o. Mas, ao que tudo indica, fracassou a Revolta da Vacina √†s avessas que Bolsonaro tentou impor ao pa√≠s. #VacinaJa #VacinaParaTodos",Negativo,Sem sarcasmo/Ironia,"Preocupa√ß√£o, al√≠vio","Temos uma preocupa√ß√£o envolvida, mas certo al√≠vio com o ""fracasso da revolta das vacinas""",4 - Muito Dif√≠cil,luizh.batista@usp.br,2023-11-05 15:56,,
A4377,"Ap√≥s solicita√ß√£o da @Cobrapoloficial, o Minist√©rio da Sa√∫de incluiu policiais civis, federais, militares, rodovi√°rios, bombeiros e guardas municipais entre os grupos priorit√°rios no Plano Nacional de Imuniza√ß√£o. Quest√£o de justi√ßa! https://t.co/KsXyXtkaK2\n#DelegadaMarthaRocha",Positivo,Sem sarcasmo/Ironia,Satisfa√ß√£o,,3 - Dif√≠cil,luizh.batista@usp.br,2023-11-05 15:57,,
A3053,A ideia √© agilizar os procedimentos e fazer com que a vacina chegue de forma mais breve aos brasileiros.,Positivo,Sem sarcasmo/Ironia,Proatividade,,3 - Dif√≠cil,luizh.batista@usp.br,2023-11-05 15:58,,
A6311,"Parab√©ns aos trabalhadores da limpeza urbana de S√£o Paulo pela organiza√ß√£o, luta e combatividade. Sem vacina, sem coleta! https://t.co/xVGZAnLyPH",Positivo,Sem sarcasmo/Ironia,"Felicidade, reconhecimento",,2 - F√°cil,luizh.batista@usp.br,2023-11-05 15:58,3,felicidade
A940,"O Rio j√° est√° em colapso. Falta o que p/ fechar tudo? O Crivella anunciou um tal de ‚Äúlockdown parcial‚Äù, isso √© absurdo, √© brincar com a vida das pessoas. A Fiocruz j√° apontou a medida como urgente e necess√°ria para salvar vidas. \n\nhttps://t.co/uzBCo6MAUh",Negativo,Sem sarcasmo/Ironia,"Preocupa√ß√£o, temor",,2 - F√°cil,luizh.batista@usp.br,2023-11-05 15:59,4,indigna√ß√£o
A6512,"Quer participar dos testes da Butanvac?\n\nO Butantan lan√ßou site com pr√©-cadastro p/ interessados. O Instituto j√° tem 8 milh√µes de doses produzidas. Esta ser√° a primeira vacina brasileira que n√£o depende de insumos de outros pa√≠ses. Para participar, acesse: https://t.co/tBKS0hIYTp",Positivo,Sem sarcasmo/Ironia,"Alegria, esperan√ßa, otimismo",Existe certa dose de esperan√ßa e otimismo neste texto por indicar uma cren√ßa de que as coisas t√™m dado certo e certa confian√ßa/desejo de que podem melhorar,3 - Dif√≠cil,luizh.batista@usp.br,2023-11-05 16:02,,
A6918,Laura Mattos: Governo de SP antecipa vacina√ß√£o dos professores e diz que ampliar√° ensino presencial https://t.co/K21AvgerBl,Neutro,Sem sarcasmo/Ironia,neutralidade,N√£o tem como sabermos se o texto transmite um sentimento negativo ou positivo em rela√ß√£o √†s medidas tomadas pelo governo de SP,3 - Dif√≠cil,luizh.batista@usp.br,2023-11-05 16:04,,
A2986,"Com a Covid-19, ficamos mais atentos √† import√¢ncia da imuniza√ß√£o, mas n√£o √© de hoje que a vacina √© tida como meio de preven√ß√£o, nos protegendo de diversas doen√ßas e salvando vidas. Por isso, no dia da vacina, eu repito: N√£o deixe de se imunizar! ?? #DelegadaMarthaRocha https://t.co/AXfMkCzFgN",Positivo,Sem sarcasmo/Ironia,"Apelativo, preocupa√ß√£o",,3 - Dif√≠cil,luizh.batista@usp.br,2023-11-05 16:15,,
A2783,"Hoje, na UFMA, a @PrefeituraSL, mesmo com agendamento exclusivo pela internet, permite que idosos esperem por mais de 2 horas para ter acesso a uma vacina.\nMais uma vez, sugiro: descentralizem o atendimento e utilizem as unidades b√°sicas de sa√∫de espalhadas por toda a cidade. https://t.co/OtCBbMBxaU",Negativo,Sem sarcasmo/Ironia,"Apelativo, cr√≠tica, preocupa√ß√£o",,3 - Dif√≠cil,luizh.batista@usp.br,2023-11-05 16:17,,
A5770,"Para tristeza do Bolsonaro, VACINEI!! ???? #VivaOSuS https://t.co/C7LslEeMkS",Positivo,Sarc√°stico/Ir√¥nico,"Alegria, √¢nimo",,2 - F√°cil,luizh.batista@usp.br,2023-11-05 16:27,4,felicidade
A4214,Boa noite! A lista de agendados para a vacina√ß√£o nesta ter√ßa-feira (4/5) est√° dispon√≠vel. Confiram:\n\nhttps://t.co/Y9gfG2t5Qi,Positivo,Sem sarcasmo/Ironia,"Felicidade, tranquilidade",O fato de o texto come√ßar com cumprimento exclamativo me faz ter a impress√£o de que existe certa alegria em comunicar a lista de agendados para a vacina√ß√£o,4 - Muito Dif√≠cil,luizh.batista@usp.br,2023-11-05 16:35,,
A4987,"A partir de segunda-feira, receber√£o a 2¬∞dose as pessoas entre 79 e 70. \nSegunda (29): 79, 78 e 77 anos \nTer√ßa (30): 76, 75 e 74 anos\nQuarta (31) 73 e 72 anos\nQuinta(1/4): 71 e 70 anos\nSer√£o 16 postos de vacina√ß√£o em toda Bel√©m. #Bel√©mVacinada",Positivo,Sem sarcasmo/Ironia,"otimismo, triunfo, prote√ß√£o",,3 - Dif√≠cil,luizh.batista@usp.br,2023-11-05 16:36,,
A6527,"76% das vacinas do mundo concentram-se em 10 pa√≠ses. O Senado mostrou que patentes n√£o podem ser tabu. Nosso PL 1462/20, que quebra o monop√≥lio das empresas que t√™m patente na pandemia, precisa ser votado. O lucro de bilion√°rios n√£o pode valer mais do que a vida. #VacinaJ√°",Negativo,Sem sarcasmo/Ironia,"Inc√¥modo, indigna√ß√£o, apela√ß√£o, ansiedade","Acredito que h√° certo teor de ansiedade no texto porque al√©m da indigna√ß√£o h√° uma poss√≠vel solu√ß√£o para o problema, solu√ß√£o que quem escreveu o texto quer muito, mas que n√£o ainda h√° incerteza sobre se ela ser√° adotada ou n√£o",3 - Dif√≠cil,luizh.batista@usp.br,2023-11-05 16:42,,
A1865,@zehdeabreu Querido @zehdeabreu esse cara √© podre j√° est√° fazendo campanha contra a vacina https://t.co/AvEsScTN2m,Negativo,Sem sarcasmo/Ironia,Antipatia,,2 - F√°cil,luizh.batista@usp.br,2023-11-05 16:45,4,desprezo
A1944,"Desejo a voc√™ e a toda a sua fam√≠lia muita sa√∫de em 2021. Que seja um ano de mais oportunidades e igualdade. \n\nN√£o se esque√ßa: vamos cuidar uns dos outros. Use m√°scara, evite aglomera√ß√µes. E que venha a vacina!\n\n#Feliz2021",Positivo,Sem sarcasmo/Ironia,"Gentileza, solidariedade, preocupa√ß√£o ",Preocupa√ß√£o com a sa√∫de de outras pessoas. Esse tweet me fez perceber que preocupa√ß√£o √© um sentimento que ser negativo ou positivo,2 - F√°cil,luizh.batista@usp.br,2023-11-05 16:50,4,"zelo, otimismo"
A4180,"Se Ivermectina adiantasse, o caos n√£o estaria aqui em Natal com a falta de Leitos e UTI. S√≥ existe um caminho, vacina√ß√£o. Mas, o PAJ√â achou que podia esnobar a Pfizer, zombar da China e da √çndia.",Negativo,Sem sarcasmo/Ironia,"Preocupa√ß√£o, alarme",,3 - Dif√≠cil,luizh.batista@usp.br,2023-11-05 16:53,,
A1531,"N√≥s j√° temos um plano bem definido para a vacina√ß√£o da popula√ß√£o macapaense. De Sa√∫de eu entendo, e vou cuidar de voc√™! Vem com o 23! https://t.co/MQa3DeCgQo",Positivo,Sem sarcasmo/Ironia,"Responsabilidade, prote√ß√£o, otimismo",,2 - F√°cil,luizh.batista@usp.br,2023-11-05 16:54,4,"otimismo, confian√ßa"
A3908,@liviames @humanightall √â isso mesmo. A vacina√ß√£o do ensino m√©dio e superior foi antecipada. #EquipeEd,Positivo,Sem sarcasmo/Ironia,Realiza√ß√£o,"Pensei em classificar como neutro. No entanto, existem muitos elementos contextuais que me fazem classificar o texto como positivo. O fato de antecipar a vacina√ß√£o significa que uma a√ß√£o foi tomada antes do tempo que era esperado. Os munic√≠pios n√£o eram obrigados a antecipar calend√°rio. Logo, antecipar calend√°rio estava associado a algo positivo e atrasar calend√°rio a algo negativo.",4 - Muito Dif√≠cil,luizh.batista@usp.br,2023-11-05 16:59,,
A4315,"@tadeu_fo @PrefAracaju Tadeu, a pessoa j√° conseguiu se vacinar?",Neutro,Sem sarcasmo/Ironia,"D√∫vida, questionamento, preocupa√ß√£o",,3 - Dif√≠cil,luizh.batista@usp.br,2023-11-05 16:59,,
A4135,"Boa noite! Em virtude de instabilidades na p√°gina da @prefeiturapmf nesta quinta-feira (15), estamos disponibilizando a lista de agendados para a vacina√ß√£o contra a Covid-19 de amanh√£ (16) neste link: https://t.co/h4F46Drhs3 https://t.co/nLjRzHRg8m",Neutro,Sem sarcasmo/Ironia,Neutralidade,Texto apenas informa,3 - Dif√≠cil,luizh.batista@usp.br,2023-11-06 09:59,,
A3165,Boa tarde! As listas de agendados para a vacina√ß√£o deste domingo (30/5) est√£o atualizadas e dispon√≠veis no site da @prefeiturapmf. Confiram: \n\nhttps://t.co/59Z6zZMbnr,Positivo,Sem sarcasmo/Ironia,Tranquilidade,,4 - Muito Dif√≠cil,luizh.batista@usp.br,2023-11-06 10:01,,
A4422,O CEO da Pfizer se maquinando pra ver se finalmente consegue se atendido pelo Bolsonaro https://t.co/oDue0H0rHz,Negativo,Sem sarcasmo/Ironia,Cr√≠tica,,3 - Dif√≠cil,luizh.batista@usp.br,2023-11-06 10:03,,
A3606,"Porto Alegre ampliou a faixa et√°ria de vacina√ß√£o contra a Covid-19 at√© pessoas com 37 anos nesta semana. Amanh√£, vamos iniciar a imuniza√ß√£o do p√∫blico de 41 anos ou mais. Fique atento e vacine-se! ?? https://t.co/N20AegCBvQ",Positivo,Sem sarcasmo/Ironia,"Apelativo, prote√ß√£o",,3 - Dif√≠cil,luizh.batista@usp.br,2023-11-06 10:06,,
A806,"A vacina tem que ser para todos! Brincar com a vida das pessoas √© criminoso! Se Bolsonaro vai seguir em uma postura genocida, os demais Poderes precisam assumir a linha de frente para a supera√ß√£o da Pandemia! #ForaBolsonaro https://t.co/sWvSR8LI2L",Negativo,Sem sarcasmo/Ironia,"Preocupa√ß√£o, cr√≠tica, apelativo",,3 - Dif√≠cil,luizh.batista@usp.br,2023-11-06 10:10,,
A541,"O presidente que mais atacou a ci√™ncia e aplicou uma pol√≠tica genocida para atender os interesses dos ricos dizendo que precisa investir na cura e n√£o na vacina. Cada dia que passa, ele prejudica mais o Brasil. Repito: tir√°-lo do poder √© uma medida sanit√°ria. #ForaBolsonaro",Negativo,Sem sarcasmo/Ironia,"Hostilidade, irrita√ß√£o, inseguran√ßa, preocupa√ß√£o",,3 - Dif√≠cil,luizh.batista@usp.br,2023-11-06 10:18,,
A4950,"@Lucasssaraiva Ol√°! Fique tranquilo! Ap√≥s realizar o cadastro, a pessoa deve aguardar o contato da Prefeitura por e-mail e WhatsApp, que ser√° realizado pr√≥ximo √† data da vacina√ß√£o.",Positivo,Sem sarcasmo/Ironia,"Tranquilidade, calma, disposi√ß√£o",,2 - F√°cil,luizh.batista@usp.br,2023-11-06 10:19,4,tranquilidade
A6849,O Brasil n√£o tem condi√ß√µes de receber a Copa Am√©rica porque Bolsonaro recusou 11 ofertas de vacinas ano passado e atrasou por incompet√™ncia a imuniza√ß√£o contra a Covid-19 no pa√≠s. https://t.co/zmIMowgIUx,Negativo,Sem sarcasmo/Ironia,"Frustra√ß√£o, inc√¥modo",,3 - Dif√≠cil,luizh.batista@usp.br,2023-11-06 10:28,,
A3955,"Come√ßa nesta segunda-feira (31) o calend√°rio de vacina√ß√£o para a popula√ß√£o em geral por idade. \n\nNesta primeira semana, ser√£o imunizadas pessoas de 59 e 58 anos. \n\nVeja o calend√°rio completo em https://t.co/LkQiXiOW9X https://t.co/VheuUc4E0w",Neutro,Sem sarcasmo/Ironia,Texto informativo,,3 - Dif√≠cil,luizh.batista@usp.br,2023-11-06 10:36,,
A2185,"Com essa importante parceria, vamos ofertar o imunobiol√≥gico √†s pessoas que ainda n√£o tiveram acesso. A unidade m√≥vel tem capacidade para atender at√© 400 pessoas por dia e vai percorrer 12 bairros at√© 9 de novembro, de segunda a s√°bado. ????",Positivo,Sem sarcasmo/Ironia,"Empolga√ß√£o, otimismo",,3 - Dif√≠cil,luizh.batista@usp.br,2023-11-06 10:37,,
A5047,"Nesta quarta-feira, tem aplica√ß√£o da 2¬∞ dose contra covid-19 para completar o ciclo vacinal. E assim que novas doses chegarem a Bel√©m, novos calend√°rios ser√£o divulgados. Confira os locais de amanh√£, funcionando das 9h √†s 17h e leve RG, CPF e cart√£o de vacina√ß√£o #Bel√©mVacinada https://t.co/5IAJFvbYl9",Positivo,Sem sarcasmo/Ironia,Otimismo,,3 - Dif√≠cil,luizh.batista@usp.br,2023-11-06 10:59,,
A4774,"Kalil acaba de anunciar medidas + r√≠gidas p/ conter a pandemia em BH. Confio no Comit√™ de Enfrentamento e sei que s√£o medidas duras, mas necess√°rias. Vivemos o pior momento do cont√°gio, c/ todos os indicadores no vermelho. Sigo pressionando pela vacina√ß√£o imediata em nosso pa√≠s!",Positivo,Sem sarcasmo/Ironia,"Certeza, alarme, apelativo",,3 - Dif√≠cil,luizh.batista@usp.br,2023-11-06 11:05,,
A994,Covid-19: Instituto Butantan come√ßa a testar vacina chinesa em 20 de julho  https://t.co/uiKPjP61r5,Neutro,Sem sarcasmo/Ironia,neutralidade,,2 - F√°cil,luizh.batista@usp.br,2023-11-06 11:07,,
A1250,"Como disse @lhmandetta, cloroquina n√£o √© panaceia. Em Manaus, Funda√ß√£o paralisa testes por constatar efeitos colaterais. Por enquanto, infelizmente n√£o h√° rem√©dio cientificamente comprovado nem vacina. Quem disser o contr√°rio MENTE e arrisca vidas. https://t.co/jyRG8RLNbF",Negativo,Sem sarcasmo/Ironia,"Preocupa√ß√£o, inc√¥modo",,3 - Dif√≠cil,luizh.batista@usp.br,2023-11-06 11:10,,
A162,"@Robinso53422924 N√£o tem vacina mas tem tratamento n√©, tem rem√©dio! Minha m√£e pegou e ficou em quarentena se medicando...",Positivo,Sem sarcasmo/Ironia,Despreocupa√ß√£o,,2 - F√°cil,luizh.batista@usp.br,2023-11-06 11:16,4,despreocupa√ß√£o
A6759,Professores e profissionais da educa√ß√£o perto da prioridade na vacina√ß√£o contra a Covid-19! Meu Projeto de Lei foi aprovado e o governador em exerc√≠cio tem 15 dias para tornar realidade. O ensino merece esse cuidado! #DelegadaMarthaRocha #Educa√ß√£o #Covid19 #Vacina #RioDeJaneiro https://t.co/i5lVIv2pUy,Positivo,Sem sarcasmo/Ironia,"Otimismo, alegria",,2 - F√°cil,luizh.batista@usp.br,2023-11-06 11:22,5,otimismo
A2011,"O General Pazuello foi para o MS porque era o ""fod√£o"" da log√≠stica no Ex√©rcito Brasileiro. Imagino coordenava o Plano Nacional de Capina e de Pintura de Cal em Meio-fio e √Årvores.\nA vacina j√° existe e o MS n√£o tem um plano de vacina√ß√£o contra a COVID-19.\n#VoltaPraCapinaPazuello",Negativo,Sarc√°stico/Ir√¥nico,"Aflia√ß√£o, alarme",,3 - Dif√≠cil,luizh.batista@usp.br,2023-11-06 21:02,,
A6765,"Vacina n√£o tem. Mas, tem libera√ß√£o de armas, passeio de jet-ski, deboche para com o STF, juiz em conluio com procurador e ataques √† liberdade de imprensa, com insinua√ß√µes de retirar jornais de circula√ß√£o. Fora isso, √© s√≥ leite-mo√ßa, chiclete, picanha, cerveja, bacalhau e u√≠sque.",Negativo,Sem sarcasmo/Ironia,Indigna√ß√£o,,2 - F√°cil,luizh.batista@usp.br,2023-11-06 21:03,3,indigna√ß√£o
A5725,"E a partir de hoje, estamos aplicando a 2¬∞ dose da vacina nos moradores de 60 anos ou mais em Cotijuba e outras ilhas de Bel√©m.  #Bel√©mVacinada https://t.co/3cWiOlHiAD",Positivo,Sem sarcasmo/Ironia,Otimismo,,3 - Dif√≠cil,luizh.batista@usp.br,2023-11-06 21:03,,
A4035,"Pesquisa divulgada hoje mostra que  53% da popula√ß√£o n√£o quer afastamento de Bolsonaro. Tem mais de 50 pedidos de impeachment do presidente. Mas sem press√£o popular, o Congresso Nacional e o STF nada fazem. Enquanto falta oxig√™nio e vacinas e mais de 215 mil mortes pela pandemia.",Negativo,Sem sarcasmo/Ironia,Inc√¥modo,,3 - Dif√≠cil,luizh.batista@usp.br,2023-11-06 21:04,,
A6825,"Hoje minha m√£e, minha rainha, meu exemplo de garra se vacinou, te amo m√£e. E novamente agrade√ßo o empenho do @EdmilsonPSOL em vacinar o povo belenense. #VivaOSuS #VacinaJ√° #VacinaSim. https://t.co/U35W0sIo1L",Positivo,Sem sarcasmo/Ironia,"Otimismo, felicidade",,2 - F√°cil,luizh.batista@usp.br,2023-11-06 21:05,4,felicidade
A6975,"Reverendo Amilton chegou √† #CPIdaCovid apresentando sua entidade como credenciada pela CNBB, parceira do CNJ e associada √† ONU. A esta altura do depoimento j√° ficou provado que era tudo MENTIRA!\n\nO pior √© que essa pilantragem toda visava receber ‚Äúdoa√ß√£o‚Äù p√≥s-neg√≥cio de vacina.",Negativo,Sem sarcasmo/Ironia,Indigna√ß√£o,,3 - Dif√≠cil,luizh.batista@usp.br,2023-11-06 21:06,,
A1293,Lote com 600 litros de insumos para fabrica√ß√£o de at√© 1 milh√£o de doses da vacina CoronaVac acaba de chegar a S√£o Paulo. O material ser√° guardado em local secreto para garantir a seguran√ßa.\n\nQuanto mais vacinas melhor!\n#butantan #covid #vacinacao https://t.co/1slVQaLoI4,Positivo,Sem sarcasmo/Ironia,otimismo,,2 - F√°cil,luizh.batista@usp.br,2023-11-06 21:06,5,otimismo
A3981,"Ao longo desse m√™s nos conscientizamos sobre a sa√∫de da mulher brasileira. Defendemos a vacina√ß√£o contra HPV nas escolas e constru√ß√£o de centros especializados na sa√∫de da mulher, mas tamb√©m destinei recursos para o FCecon e para a Casa da Mulher Brasileira. #Alutacontinua https://t.co/YR1jA4Pj5K",Positivo,Sem sarcasmo/Ironia,Disposi√ß√£o,,2 - F√°cil,luizh.batista@usp.br,2023-11-06 21:07,3,perseveran√ßa
A1458,"...As vacinas que j√° tiverem autoriza√ß√£o dos seus pa√≠ses de origem, ou j√° sendo utilizadas em outros pa√≠ses, como o caso da Inglaterra, devem ser autorizadas emergencialmente e imediatamente pela Anvisa para serem disponibilizadas para a popula√ß√£o brasileira...",Neutro,Sem sarcasmo/Ironia,Neutralidade,,3 - Dif√≠cil,luizh.batista@usp.br,2023-11-06 21:07,,
A4890,Todo apoio e solidariedade √† greve dos AAEs - Assistentes Administrativos Educacionais da Prefeitura de Belo Horizonte . \n#Negocia prefeito @alexandrekaliloficial\n#NossasVidasImportam \n#VacinaJ√° https://t.co/PkM9oPW1EE,Positivo,Sem sarcasmo/Ironia,Solidariedade,,2 - F√°cil,luizh.batista@usp.br,2023-11-06 21:08,5,solidariedade
A1019,"Estamos cobrando rapidez ao Governo Federal. Se a Anvisa demorar na certifica√ß√£o, assim que a primeira vacina for aprovada por qualquer organiza√ß√£o cient√≠fica internacional irei ao STF para garantir que baianas e baianos sejam vacinados com a maior brevidade poss√≠vel.",Positivo,Sem sarcasmo/Ironia,Disposi√ß√£o,,4 - Muito Dif√≠cil,luizh.batista@usp.br,2023-11-06 21:10,,
A133,"A inoper√¢ncia e a falta de um planejamento nacional sobre a vacina√ß√£o, faz da busca pela vacina um salve-se quem puder. Um desrespeito com a popula√ß√£o, especialmente a dos munic√≠pios mais pobres. \n#VacinaJa #VacinaParaTodaseTodos \nhttps://t.co/6tmMuSV0El",Negativo,Sem sarcasmo/Ironia,"indigna√ß√£o, preocupa√ß√£o",,2 - F√°cil,luizh.batista@usp.br,2023-11-06 21:11,4,indigna√ß√£o
A5976,"Hoje √© um triste dia para quem luta em prol da Soberania Nacional. Bolsonaro sancionou a privatiza√ß√£o da Eletrobr√°s.\nAo inv√©s de estar preocupado em vacinar e gerar emprego para o nosso povo, ele quer apenas vender as nossas institui√ß√µes, e retirar direitos dos trabalhadores. https://t.co/cOKf7MgMHN",Negativo,Sem sarcasmo/Ironia,Tristeza,,2 - F√°cil,luizh.batista@usp.br,2023-11-06 21:11,5,tristeza
A1202,"Bolsonaro disse hoje que ""ganhou"" quando conseguiu suspender testes da vacina para uma doen√ßa que j√° matou 160 mil brasileiros. Russomanno tamb√©m comemorou. Isso √© genoc√≠dio em estado puro.",Negativo,Sem sarcasmo/Ironia,Indigna√ß√£o,,3 - Dif√≠cil,luizh.batista@usp.br,2023-11-06 21:13,,
A714,"E agora vamos avan√ßar na vacina√ß√£o de crian√ßas de 6 meses a menores de 6 anos, gestantes, pu√©rperas e pessoas com defici√™ncia. Quem procurar o atendimento hoje j√° ser√° imunizado.",Positivo,Sem sarcasmo/Ironia,"Disposi√ß√£o, prote√ß√£o",,2 - F√°cil,luizh.batista@usp.br,2023-11-06 21:14,3,satisfa√ß√£o
A1425,"Ap√≥s Anvisa suspender Coronavac, Bolsonaro diz que ""ganhou"" de Doria https://t.co/ZgDQbR51gS via @UOLNoticias @UOL",Neutro,Sem sarcasmo/Ironia,neutralidade,,2 - F√°cil,luizh.batista@usp.br,2023-11-06 21:15,,
A1067,"Como prefeito de Salvador, meu compromisso ser√° com a liberdade e sa√∫de das pessoas. Caso eleito, n√£o haver√° obrigatoriedade de vacinas sem a devida comprova√ß√£o, e o uso de m√°scaras ser√° opcional. Colocaremos √† disposi√ß√£o o tratamento precoce nas unidades de sa√∫de da cidade. 2Ô∏è‚É£8Ô∏è‚É£",Positivo,Sem sarcasmo/Ironia,"Serenidade, proatividade",,3 - Dif√≠cil,luizh.batista@usp.br,2023-11-06 21:16,,
A4129,"√â inacredit√°vel, mas infelizmente h√° relatos de casos de destrui√ß√£o ou inutiliza√ß√£o das vacinas contra o coronav√≠rus. Por isso, votei a favor do PL 27/2021 que tornar√° crime quem cometer essa pr√°tica contra a sa√∫de p√∫blica.\n\n#VacineManausAmazonia\n#VacineManaus #VacineAmazonia https://t.co/dQlcYvx3Nh",Negativo,Sem sarcasmo/Ironia,Indigna√ß√£o,,3 - Dif√≠cil,luizh.batista@usp.br,2023-11-07 14:55,,
A2630,74% dos adultos com ao menos uma dose. 30% dos adultos com esquema vacinal completo. Neste s√°bado continuamos vacinando segunda dose de Astra e Coronavac nos pontos fixos. Para D1 aguardo ansiosamente a chegada de nova remessa.,Positivo,Sem sarcasmo/Ironia,"Otimismo, anseio, expectativa",,2 - F√°cil,luizh.batista@usp.br,2023-11-07 14:57,4,"expectativa, anseio"
A4412,"Entreguei hoje ao presidente da Comiss√£o de Direitos Humanos da @camaradeputados, @heldersalomao , o relat√≥rio da visita de fiscaliza√ß√£o que fizemos ao Hospital de Campanha Nilton Lins que n√£o est√° funcionando como deveria.\n\n#VacineManausAmazonia\n#VacineManaus #VacineAmazonia https://t.co/Q6wWaZDMfU",Positivo,Sem sarcasmo/Ironia,"Determina√ß√£o, realiza√ß√£o, responsabilidade, satisfa√ß√£o","Muito dif√≠cil identificar o sentimento preodimante. H√° conota√ß√£o negativa pelo fato de existir um tom de inc√¥modo com um problema (hospital), mas tamb√©m existe um tom de realiza√ß√£o, de responsabilidade por procurar lidar com o problema",4 - Muito Dif√≠cil,luizh.batista@usp.br,2023-11-07 15:01,,
A214,"Os dois principais produtores de vacinas do Brasil, o Bio-Manguinhos da Fiocruz e o Instituto Butantan, entraram de vez na corrida contra o novo #coronavirus para fabricar mais de 40 milh√µes de doses de vacinas por m√™s. https://t.co/p7mAdsRLza",Positivo,Sem sarcasmo/Ironia,Excita√ß√£o,"Assumi que os os dois produtores de vacina s√£o agentes que lutam contra algo ruim: o novo coronav√≠rus. Por isso classifiquei o etxto como positivo. Al√©m disso, o uso do termo corrida indica que algu√©m ir√° vencer, mais uma vez demonstrando implicitamente alguma conota√ß√£o positiva com a produ√ß√£o de vacinas. H√° tamb√©m os numeros que s√£o usados com o intuito, aparentemente, de transmitir grandeza",3 - Dif√≠cil,luizh.batista@usp.br,2023-11-07 15:04,,
A5742,"A partir do dia 01 de junho come√ßa a primeira etapa da vacina√ß√£o dos trabalhadores da educa√ß√£o do Piau√≠! Um passo importante para o retorno seguro das aulas e um avan√ßo no processo de imuniza√ß√£o no Estado! No rumo certo, iremos vencer!",Positivo,Sem sarcasmo/Ironia,"Otimismo, esperan√ßa",,2 - F√°cil,luizh.batista@usp.br,2023-11-07 15:05,5,otimismo
A1607,1/ N√£o √© apenas a briga com a China e discord√¢ncias em rela√ß√£o √† luta contra o Covid19 que est√£o levando os EUA a romper com a OMS. A Organiza√ß√£o Mundial da Sa√∫de est√° prestes a aprovar uma Resolu√ß√£o recomendando a quebra de patente para qualquer vacina ou tratamento para Covid19 https://t.co/hMmT2qJs7s,Neutro,Sem sarcasmo/Ironia,neutralidade,,2 - F√°cil,luizh.batista@usp.br,2023-11-07 15:05,,
A3303,"H√° muitos elementos a se suspeitar na compra da vacina indiana pelo Brasil. Mas vou jogar um balde de √°gua fria na hist√≥ria de que o governo fez a compra por pre√ßo 1000% mais alto. Abaixo, o informe da Bharat Biontech sobre os pre√ßos praticados:\n\nhttps://t.co/W7w6QiEJcy https://t.co/VTEWeL8yz3",Neutro,Sem sarcasmo/Ironia,NA,"Muitiss√≠mo dif√≠cil classificar o sentimento. O texto parece come√ßar com um tom negativo, mas traz uma informa√ß√£o nova no link (que n√£o sabemos o que √©) que contrap√µe esse sentimento inicial. O link pode ser uma imagem com pre√ßo realmente mais altos do que o normal e passar a ideia de certo al√≠vio (sentimento positivo) em rela√ß√£o √† lisura do processo de compra (no sentido de que n√£o houve superfaturamento), ou passar a ideia de espanto (espanto com o absurdo dos pre√ßos praticados), que seria um sentimento negativo. O link tamb√©m pode apresentar pre√ßo bem abaixo do normal e causar decep√ß√£o (confirmando o superfaturamento), indigna√ß√£o, etc.",4 - Muito Dif√≠cil,luizh.batista@usp.br,2023-11-07 15:12,,
A1968,"@expanhola Rsrs, bom dia! Nas pr√≥ximas semanas iniciaremos as tratativas para aquisi√ß√£o de 60 a 80 mil doses da coronavac. Iremos comprar essa primeira quantidade para vacina√ß√£o do grupo de risco. Acreditamos que esse atendimento inicie em fevereiro.",Positivo,Sem sarcasmo/Ironia,"Otimismo, realiza√ß√£o",,3 - Dif√≠cil,luizh.batista@usp.br,2023-11-07 15:13,,
A4885,"??Esse novo grupo, pu√©rperas e gestantes, vai ser vacinado em 4 centros exclusivos, mas o agendamento √© feito normalmente, pelo https://t.co/Dqa6XAGzJg:\n\nUFRPE\nParque da Macaxeira\nJuizado de Pequenas Causas \nUPAE do Ibura",Neutro,Sem sarcasmo/Ironia,Comprometimento,,3 - Dif√≠cil,luizh.batista@usp.br,2023-11-07 15:19,,
A6166,"A prefeitura de S√£o Lu√≠s:\nN√ÉO faz campanha de vacina√ß√£o‚ùå\nN√ÉO faz tratamento contra a leishmaniose‚ùå\nN√ÉO distribui coleiras preventivas ‚ùå\nN√ÉO faz castra√ß√£o‚ùå\n\nN√£o vamos aceitar que os animais paguem com a vida, por conta de uma pol√≠tica de omiss√£o e sem responsabilidade!",Negativo,Sem sarcasmo/Ironia,indigna√ß√£o,,2 - F√°cil,luizh.batista@usp.br,2023-11-07 15:20,4,indigna√ß√£o
A3569,"Aviso √† pra√ßa e √† Folha: o PT n√£o est√° discutindo minist√©rios nem elei√ß√µes. Prioridade √© vacina, aux√≠lio emergencial e livrar o Brasil de Bolsonaro. Tudo que o Brasil √± precisa √© outro Posto Ypiranga. Precisamos transformar esse pa√≠s! https://t.co/uQf91GN2Nh",Negativo,Sem sarcasmo/Ironia,Inc√¥modo,Inc√¥modo com acusa√ß√µes e o cen√°rio do pa√≠s,3 - Dif√≠cil,luizh.batista@usp.br,2023-11-07 15:21,,
A2969,"Gra√ßas ao avan√ßo na cobertura vacinal chegamos ao menor n√∫mero de internados desde o in√≠cio da pandemia, s√£o 41 pacientes internados com #COVID19 o que corresponde 0,7% do total de leitos.\n@Prefeitura_Rio @Saude_Rio https://t.co/DXlVExWt9q",Positivo,Sem sarcasmo/Ironia,Triunfo,,2 - F√°cil,luizh.batista@usp.br,2023-11-07 15:22,4,triunfo
A3978,"Acompanhando a situa√ß√£o nacional, percebe-se que as mudan√ßas de ministros t√™m como preocupa√ß√£o maior o calend√°rio eleitoral e n√£o enfrentar a grande crise sanit√°ria que o Pa√≠s est√° vivendo. Essa deveria ser a prioridade. Precisamos de mais vacinas j√°! #VacinaParaTodos",Negativo,Sem sarcasmo/Ironia,Preocupa√ß√£o,,3 - Dif√≠cil,luizh.batista@usp.br,2023-11-07 15:23,,
A1177,"‚ÄúTudo da Fiocruz envolve LGBTI. Eles tem um p√™nis na porta, tapetes do Che Guevara, as salas s√£o figurinhas do Lula Livre, Marielle vive.‚Äù A revista Piau√≠ revela √°udio que a √∫nica m√©dica do alto escal√£o do Minist√©rio da Sa√∫de enviou no Whatsapp. Esse governo √© um chorume sem fim.",Negativo,Sem sarcasmo/Ironia,"repulsa, raiva",,3 - Dif√≠cil,luizh.batista@usp.br,2023-11-07 15:24,,
A1728,"N√£o bastasse todas as milhares de vidas que perdemos na pandemia, o fato de sermos um dos pa√≠ses mais afetados no mundo pela Covid-19 por conta do negacionismo e agora nem vacina Bolsonaro quer comprar por politicagem e preconceito.",Negativo,Sem sarcasmo/Ironia,Indigna√ß√£o,,2 - F√°cil,luizh.batista@usp.br,2023-11-07 15:25,4,indigna√ß√£o
A989,Novidade para continuarmos otimistas! üí™\n\nO Brasil est√° negociando com a empresa AstraZeneca a possibilidade de ajudar na produ√ß√£o da nova vacina contra a Covid-19. A entidade desenvolve o imunizante em conjunto com a Universidade de Oxford. https://t.co/cVuChuj8iE,Positivo,Sem sarcasmo/Ironia,Otimismo,,2 - F√°cil,luizh.batista@usp.br,2023-11-07 15:26,5,otimismo
A5694,"Chegou agora h√° pouco, aqui no Aeroporto, a primeira remessa da Pfizer para Floripa em conjunto com mais Astrazeneca. https://t.co/aT4p0O4h21",Positivo,Sem sarcasmo/Ironia,Empolga√ß√£o,"Empolga√ß√£o com a chegada das vacinas, parece ser um texto que faz propaganda disso: ""chegou agora h√° pouco, aqui no...""",2 - F√°cil,luizh.batista@usp.br,2023-11-07 15:27,3,empolga√ß√£o
A3747,"Pessoal, o nosso estado acaba de receber o 7¬∫ lote de vacinas contra a Covid-19, com 115.600 doses da CoronaVac/Butantan. Ap√≥s a distribui√ß√£o, parte dessa remessa nos ajudar√° a avan√ßar no Plano de Imuniza√ß√£o de Fortaleza. ‚úàÔ∏è??\n\nJuntos venceremos esse desafio! https://t.co/9Bb6dHSybt",Positivo,Sem sarcasmo/Ironia,Otimismo,,2 - F√°cil,luizh.batista@usp.br,2023-11-07 15:27,5,otimismo
A5867,A recomenda√ß√£o da Anvisa pelo uso emergencial das vacinas Coronavac e AstraZeneca √© a primeira vit√≥ria nessa miss√£o de imuniza√ß√£o da popula√ß√£o brasileira. N√£o podemos perder tempo no in√≠cio da vacina√ß√£o! Amanh√£ vou √† Bras√≠lia acompanhar de perto o processo de distribui√ß√£o.,Positivo,Sem sarcasmo/Ironia,"Otimismo, anseio",,2 - F√°cil,luizh.batista@usp.br,2023-11-07 15:28,3,otimismo
A1107,"Uma aberra√ß√£o o presidente usar politicamente o suic√≠dio de uma pessoa para atacar a vacina contra a #Covid_19 . A ANVISA, na contram√£o da Ci√™ncia, respaldou a atitude irrespons√°vel do presidente. O povo precisa da vacina. A ANVISA √© um √≥rg√£o t√©cnico que n√£o pode ser politizado.",Negativo,Sem sarcasmo/Ironia,Indigna√ß√£o,,2 - F√°cil,luizh.batista@usp.br,2023-11-07 15:28,4,indigna√ß√£o
A183,"Homem de 43 anos √© uma das sete pessoas de Curitiba que j√° se recuperaram da covid-19. Segundo ele, precisa ter paci√™ncia. ‚ÄúComo n√£o tem vacina e nem rem√©dio ainda, procurei tomar muito l√≠quido e me alimentar bem‚Äù, conta.\n\n#coronavirusnobrasil #covid19 #todosjuntos #parana https://t.co/9Ms42qw1T5",Positivo,Sem sarcasmo/Ironia,Alento,,2 - F√°cil,luizh.batista@usp.br,2023-11-07 15:29,4,"serenidade, despreocupa√ß√£o"
A2559,"Manh√£ de s√°bado muito proveitosa em di√°logo com a @LigiaTex e o @marcushistorico, no programa Reda√ß√£o 1260, na @radiotimbira.\nFizemos uma avalia√ß√£o sobre a vacina√ß√£o em S√£o Lu√≠s, tamb√©m sobre a√ß√µes efetivas do nosso mandato e sobre o cen√°rio pol√≠tico no Maranh√£o e no Brasil! https://t.co/lXCV8ze5hC",Positivo,Sem sarcasmo/Ironia,Satisfa√ß√£o,,2 - F√°cil,luizh.batista@usp.br,2023-11-07 15:35,4,satisfa√ß√£o
A1765,@pedro_jansen Muito grato. Manifesta√ß√£o assim me motiva,Positivo,Sem sarcasmo/Ironia,Gratid√£o,,1 - Muito F√°cil,luizh.batista@usp.br,2023-11-07 15:38,5,gratidao
A1420,‚Äì Fortalecimento do SUS. Verbas imediatas para a sa√∫de p√∫blica e constru√ß√£o de milhares de leitos de UTI; \n\n‚Äì Fortalecimento do setor de Ci√™ncia e Tecnologia e suporte √† pesquisa sobre o v√≠rus; \n\n‚Äì Realiza√ß√£o de uma ampla e massiva campanha de vacina√ß√£o contra a gripe;,Neutro,Sem sarcasmo/Ironia,"Disposi√ß√£o, empolga√ß√£o, motiva√ß√£o",,3 - Dif√≠cil,luizh.batista@usp.br,2023-11-07 15:39,,
A1636,"As √≥timas not√≠cias sobre a pesquisa da vacina em Oxford s√≥ refor√ßam que n√≥s temos que ouvir os cientistas, n√£o os terraplanistas, principalmente aqueles que s√≥ tem a oferecer um falso rem√©dio.",Positivo,Sem sarcasmo/Ironia,"Satisfa√ß√£o, valida√ß√£o",,3 - Dif√≠cil,luizh.batista@usp.br,2023-11-07 15:44,,
A80,"Protocolei o PL 2320/2020 que estabelece a vacina√ß√£o facultativa em Minas Gerais, ele deve ser votado em fevereiro do ano que vem. #Dia22VaiSerGigante https://t.co/WHfCzMMnKN",Positivo,Sem sarcasmo/Ironia,"Otimismo, disposi√ß√£o",,2 - F√°cil,luizh.batista@usp.br,2023-11-07 15:44,4,otimismo
A6904,"Vacinados, mas ainda assim infectados pelo Covid. Isso prova que o ""passaporte sanit√°rio"" √© IN√öTIL, certo? Nunca foi pela sa√∫de, mas pelo controle da popula√ß√£o... ADESTRAMENTO COLETIVO, o que n√£o podemos admitir! Que se recuperem logo @BolsonaroSP, @TerezaCrisMS e @mqueiroga2 https://t.co/6vj6G5631T",Negativo,Sem sarcasmo/Ironia,"Inc√¥modo, estresse",,2 - F√°cil,luizh.batista@usp.br,2023-11-07 15:46,4,indigna√ß√£o
A117,Tudo o que voc√™ precisa saber sobre a vacina da COVID-19:\nhttps://t.co/cWcLye4BIf\n\n#rodrigopaivanovo,Neutro,Sem sarcasmo/Ironia,neutralidade,,2 - F√°cil,luizh.batista@usp.br,2023-11-07 15:46,,
A5129,"Bolsonaro j√° est√° criticando e ridicularizando a vacina 100% brasileira que vem sendo desenvolvida pelo Butantan.\n\nRiu em live, chamou de ‚Äúmandrake‚Äù e o gado aplaudiu.\n\nLogo dir√° que sempre acreditou na vacina, que ela foi ideia dele e o gado defender√°.\n\nT√£o repetitivo...",Negativo,Sem sarcasmo/Ironia,"Indigna√ß√£o, inc√¥modo",,2 - F√°cil,luizh.batista@usp.br,2023-11-07 15:47,4,indigna√ß√£o
A620,"@_Fabinhu_R_ Usar recursos do Fundo Municipal de Sa√∫de para campanhas educativas, como ser√° a da vacina√ß√£o, pode, F√°bio. Agora, usar para propaganda pessoal, exaltando reformas da sua administra√ß√£o municipal, n√£o. ‚úåüèº",Negativo,Sem sarcasmo/Ironia,insatisfa√ß√£o,,2 - F√°cil,luizh.batista@usp.br,2023-11-07 15:50,2,indigna√ß√£o
A1884,Manifesto minha indigna√ß√£o com a irresponsabilidade do Governo Bolsonaro que n√£o organizou um plano de vacina√ß√£o para o povo brasileiro.\nPa√≠ses da Europa j√° come√ßam a imunizar a popula√ß√£o nos pr√≥ximos dias.O governo federal n√£o enxerga a import√¢ncia de agir contra esta doen√ßa https://t.co/C2JNfVDwDP,Negativo,Sem sarcasmo/Ironia,indigna√ß√£o,,1 - Muito F√°cil,luizh.batista@usp.br,2023-11-07 15:50,5,indigna√ß√£o
A6634,"Bom dia, pessoal. Recebemos 2 mil doses da vacina Janssen e vamos aplicar hoje em pessoas de 44 anos ou mais. Venham se vacinar! ?? https://t.co/sF1wIhP2bk",Positivo,Sem sarcasmo/Ironia,Entusiasmo,,1 - Muito F√°cil,luizh.batista@usp.br,2023-11-07 15:51,4,entusiasmo